modelo,accuracy,precision_macro,recall_macro,f1_macro,f1_weighted,roc_auc_macro_ovr,tiempo_entrenamiento_seg,tiempo_inferencia_seg,milisegundos_por_registro,tamano_modelo_mb,parametros,epocas
MLP-TFIDF,0.6426632191338074,0.5983336202056329,0.6879109753619229,0.6219238248176198,0.656718531380011,0.8895966782707448,1.586450771999807,0.0768687520003368,0.0049688915320191,1.2569,328709,2
CNN-1D,0.6488041370394312,0.5898712855760979,0.6613919396539257,0.5977109609590849,0.65965265704237,0.8737442136958599,2.698964734999663,0.0984221859998797,0.0063621322559715,1.376,359941,2
BiLSTM-Atencion,0.582223658694247,0.577555885822121,0.6703302717545263,0.5801219649502566,0.6057413830721956,0.8768979084474336,19.697710760000064,0.6643133090001356,0.0429420367808749,1.4949,390438,2
CNN-BiLSTM,0.5537168713639302,0.5539803060668567,0.6679316258447784,0.5625670453076338,0.570664316396819,0.873439869175705,15.307453821999845,0.7860709110000244,0.0508125992889479,1.4834,387445,2
LSTM,0.5014221073044602,0.2006594661340404,0.3298230660331335,0.2203984092723267,0.4520484551817517,0.68901154711966,7.889426574000026,0.2817091209999489,0.0182100272139592,1.396,365237,2
