variable,count,mean,std,min,25%,50%,75%,max
num_caracteres,109228.0,35.994918885267516,39.551844861914255,1.0,7.0,21.0,52.0,438.0
num_palabras,109228.0,6.8926191086534585,7.553149391500049,0.0,1.0,4.0,10.0,80.0
