epoch,train_loss,train_accuracy,val_loss,val_accuracy
1,1.3111511912663778,0.5862,0.9360721111297607,0.629852294921875
2,0.8884338413556416,0.6166,0.8202307820320129,0.6305654644966125
