epoch,train_loss,train_accuracy,val_loss,val_accuracy
1,1.3111511985778808,0.5862,0.9360721111297607,0.629852294921875
2,0.8884338410377502,0.6166,0.8202306628227234,0.6305654644966125
