epoch,train_loss,train_accuracy,val_loss,val_accuracy
1,1.1414239821751913,0.5041333333333333,0.9008082747459412,0.5133978724479675
2,0.9131597154617309,0.5391,0.852226734161377,0.6289352774620056
