epoch,train_loss,train_accuracy,val_loss,val_accuracy
1,1.6100819436391194,0.16576666666666667,1.611086368560791,0.13285787403583527
2,1.6001825646718344,0.23423333333333332,1.4593995809555054,0.492918998003006
