epoch,train_loss,train_accuracy,val_loss,val_accuracy
1,1.1891171000162761,0.49843333333333334,0.9108456373214722,0.5257259011268616
2,0.8921813569704692,0.5398,0.8362345695495605,0.5543555617332458
