epoch,train_loss,train_accuracy,val_loss,val_accuracy
1,1.2182363890012105,0.4402333333333333,0.9125159978866577,0.41844114661216736
2,0.9122273689905802,0.5061333333333333,0.8526398539543152,0.5023943185806274
