clase,precision,recall,f1-score,support
Declaración,0.7513583441138422,0.6552346570397112,0.7000120525491141,8864.0
Pregunta declarativa,0.0,0.0,0.0,2246.0
Retroalimentación breve,0.2519389865563599,0.9938806731259562,0.4019799938125193,1961.0
Continuación / seguimiento,0.0,0.0,0.0,1317.0
Pregunta,0.0,0.0,0.0,1082.0
accuracy,0.5014221073044602,0.5014221073044602,0.5014221073044602,0.5014221073044602
macro avg,0.2006594661340404,0.3298230660331335,0.2203984092723267,15470.0
weighted avg,0.462449432117784,0.5014221073044602,0.4520484551817517,15470.0
