clase,precision,recall,f1-score,support
Declaración,0.876347786189493,0.43095667870036103,0.577781138924601,8864.0
Pregunta declarativa,0.3551103368176539,0.5445235975066786,0.4298769771528998,2246.0
Retroalimentación breve,0.5667539267015707,0.8832228454869965,0.6904524616304565,1961.0
Continuación / seguimiento,0.741234221598878,0.8025816249050873,0.7706890266131973,1317.0
Pregunta,0.2304552590266876,0.678373382624769,0.3440356222170143,1082.0
accuracy,0.5537168713639302,0.5537168713639302,0.5537168713639302,0.5537168713639302
macro avg,0.5539803060668567,0.6679316258447784,0.5625670453076338,15470.0
weighted avg,0.7047502975856815,0.5537168713639302,0.570664316396819,15470.0
