clase,precision,recall,f1-score,support
Declaración,0.8303341902313625,0.6559115523465704,0.7328879364679188,8864.0
Pregunta declarativa,0.514324693042292,0.3357079252003562,0.40625,2246.0
Retroalimentación breve,0.5732715845186901,0.8837327893931668,0.6954253611556982,1961.0
Continuación / seguimiento,0.7683284457478006,0.7957479119210327,0.7817978366281239,1317.0
Pregunta,0.2630975143403442,0.6358595194085028,0.3721936705436841,1082.0
accuracy,0.6488041370394312,0.6488041370394312,0.6488041370394312,0.6488041370394312
macro avg,0.5898712855760979,0.6613919396539257,0.5977109609590849,15470.0
weighted avg,0.7069166886613473,0.6488041370394312,0.65965265704237,15470.0
