clase,precision,recall,f1-score,support
Declaración,0.8612570539015373,0.4993231046931408,0.6321502535171035,8864.0
Pregunta declarativa,0.4256283477544293,0.4599287622439893,0.4421142734859833,2246.0
Retroalimentación breve,0.5739880557398805,0.8822029576746558,0.6954773869346733,1961.0
Continuación / seguimiento,0.8092621664050236,0.782839787395596,0.7958317252026245,1317.0
Pregunta,0.2176438053097345,0.7273567467652495,0.33503618561089826,1082.0
accuracy,0.582223658694247,0.582223658694247,0.582223658694247,0.582223658694247
macro avg,0.577555885822121,0.6703302717545263,0.5801219649502566,15470.0
weighted avg,0.7121540557625164,0.582223658694247,0.6057413830721956,15470.0
